dt, error
0.1,0.189035563706953
0.05,0.119881280724881
0.01,0.0288655680156774
0.005,0.0140763480542872
0.001,0.00386061723703659
0.0005,0.00427065273797067
