dt, error
0.1,0.119437807127726
0.05,0.0636622960010854
0.01,0.0122979730229923
0.005,0.00566116718411007
0.001,0.00439291902263668
0.0005,0.00453718719405889
