N, Err_inf, 
16,0.0652597,
32,0.0178254,
64,0.00446686,
128,0.00111903,
256,0.000280168,
